id,Umsatz
1808011,149.91319478215874
1808012,430.2330765294072
1808013,191.07502599271834
1808014,116.98280395248929
1808015,304.55322470962824
1808021,158.41285935094984
1808022,438.7327410981983
1808023,199.57469056150944
1808024,125.4824685212804
1808025,313.05288927841934
1808031,163.58275841856508
1808032,443.9026401658135
1808033,204.74458962912468
1808034,130.65236758889563
1808035,318.2227883460346
1808041,208.45151874739577
1808042,488.77140049464424
1808043,249.6133499579554
1808044,175.52112791772632
1808045,363.0915486748653
1808051,197.6648355861774
1808052,477.98471733342586
1808053,238.826666796737
1808054,164.73444475650794
1808055,352.30486551364686
1808061,147.5911214721281
1808062,427.91100321937654
1808063,188.7529526826877
1808064,114.66073064245865
1808065,302.2311513995976
1808071,181.30159785326657
1808072,461.62147960051504
1808073,222.46342906382617
1808074,148.37120702359712
1808075,335.94162778073604
1808081,165.45391893700264
1808082,445.7738006842511
1808083,206.61575014756224
1808084,132.5235281073332
1808085,320.0939488644721
1808091,152.90530788470028
1808092,433.22518963194875
1808093,194.06713909525988
1808094,119.97491705503083
1808095,307.54533781216975
1808101,130.1759342605563
1808102,410.49581600780476
1808103,171.3377654711159
1808104,97.24554343088684
1808105,284.81596418802576
1808111,171.87563404384738
1808112,452.19551579109583
1808113,213.03746525440698
1808114,138.94524321417794
1808115,326.5156639713169
1808121,187.41266285887258
1808122,467.73254460612105
1808123,228.57449406943218
1808124,154.48227202920313
1808125,342.05269278634205
1808131,143.5251431631329
1808132,423.84502491038137
1808133,184.68697437369252
1808134,110.59475233346345
1808135,298.16517309060237
1808141,145.8608822792532
1808142,426.18076402650166
1808143,187.0227134898128
1808144,112.93049144958374
1808145,300.50091220672266
1808151,146.56613161617815
1808152,426.8860133634266
1808153,187.72796282673772
1808154,113.63574078650868
1808155,301.2061615436476
1808161,154.51352869825692
1808162,434.83341044550536
1808163,195.67535990881652
1808164,121.58313786858747
1808165,309.1535586257264
1808171,137.9745955659419
1808172,418.2944773131904
1808173,179.1364267765015
1808174,105.04420473627246
1808175,292.6146254934114
1808181,196.5782759734659
1808182,476.8981577207144
1808183,237.7401071840255
1808184,163.64788514379646
1808185,351.2183059009354
1808191,154.3006029696926
1808192,434.62048471694106
1808193,195.4624341802522
1808194,121.37021214002314
1808195,308.94063289716206
1808201,97.19080057042457
1808202,377.51068231767306
1808203,138.35263178098415
1808204,64.26040974075511
1808205,251.83083049789406
1808211,95.13611539701117
1808212,375.45599714425964
1808213,136.29794660757076
1808214,62.20572456734171
1808215,249.77614532448064
1808221,119.14547716864797
1808222,399.46535891589645
1808223,160.30730837920757
1808224,86.21508633897852
1808225,273.78550709611744
1808231,114.83590644399102
1808232,395.1557881912395
1808233,155.99773765455063
1808234,81.90551561432156
1808235,269.47593637146053
1808241,88.38020100037414
1808242,368.7000827476226
1808243,129.54203221093374
1808244,55.44981017070469
1808245,243.0202309278436
1808251,117.57345065753319
1808252,397.89333240478163
1808253,158.73528186809278
1808254,84.64305982786374
1808255,272.2134805850027
1808261,141.59040690762868
1808262,421.91028865487715
1808263,182.75223811818825
1808264,108.6600160779592
1808265,296.23043683509815
1808271,76.76648604528205
1808272,357.0863677925305
1808273,117.92831725584165
1808274,43.836095215612595
1808275,231.40651597275155
1808281,93.6815381798778
1808282,374.0014199271263
1808283,134.8433693904374
1808284,60.75114735020835
1808285,248.32156810734728
1808291,102.45195690468033
1808292,382.77183865192876
1808293,143.6137881152399
1808294,69.52156607501087
1808295,257.0919868321498
1808301,70.26854005269188
1808302,350.5884217999403
1808303,111.43037126325147
1808304,37.33814922302242
1808305,224.90856998016136
1808311,91.24957049628293
1808312,371.5694522435314
1808313,132.41140170684253
1808314,58.31917966661347
1808315,245.88960042375243
1809011,144.96095901029003
1809012,425.2808407575385
1809013,186.12279022084962
1809014,112.03056818062058
1809015,299.6009889377595
1809021,157.8259682390667
1809022,438.14584998631517
1809023,198.98779944962632
1809024,124.89557740939725
1809025,312.4659981665362
1809031,104.28092059708739
1809032,384.6008023443359
1809033,145.44275180764697
1809034,71.35052976741792
1809035,258.9209505245569
1809041,109.7899074729469
1809042,390.10978922019535
1809043,150.9517386835065
1809044,76.85951664327743
1809045,264.4299374004164
1809051,98.8654429704998
1809052,379.18532471774824
1809053,140.0272741810594
1809054,65.93505214083035
1809055,253.5054728979693
1809061,96.8665396799924
1809062,377.1864214272409
1809063,138.028370890552
1809064,63.936148850322944
1809065,251.50656960746187
1809071,91.83386659812112
1809072,372.1537483453696
1809073,132.99569780868072
1809074,58.90347576845166
1809075,246.4738965255906
1809081,146.13513947649415
1809082,426.4550212237426
1809083,187.29697068705374
1809084,113.2047486468247
1809085,300.7751694039636
1809091,146.13513947649415
1809092,426.4550212237426
1809093,187.29697068705374
1809094,113.2047486468247
1809095,300.7751694039636
1809101,95.34764090150804
1809102,375.6675226487565
1809103,136.50947211206764
1809104,62.41725007183859
1809105,249.9876708289775
1809111,85.861673053085
1809112,366.18155480033346
1809113,127.0235042636446
1809114,52.93128222341554
1809115,240.50170298055448
1809121,80.70543979155951
1809122,361.025321538808
1809123,121.86727100211911
1809124,47.77504896189006
1809125,235.34546971902898
1809131,88.52564483526933
1809132,368.8455265825178
1809133,129.68747604582893
1809134,55.59525400559988
1809135,243.16567476273883
1809141,87.89948122782505
1809142,368.2193629750735
1809143,129.06131243838465
1809144,54.96909039815559
1809145,242.53951115529452
1809151,146.72222970959626
1809152,427.04211145684474
1809153,187.88406092015586
1809154,113.79183887992681
1809155,301.36225963706573
1809161,146.72222970959626
1809162,427.04211145684474
1809163,187.88406092015586
1809164,113.79183887992681
1809165,301.36225963706573
1809171,76.32416484084263
1809172,356.6440465880911
1809173,117.48599605140222
1809174,43.39377401117317
1809175,230.9641947683121
1809181,76.32416484084263
1809182,356.6440465880911
1809183,117.48599605140222
1809184,43.39377401117317
1809185,230.9641947683121
1809191,76.32416484084263
1809192,356.6440465880911
1809193,117.48599605140222
1809194,43.39377401117317
1809195,230.9641947683121
1809201,76.32416484084263
1809202,356.6440465880911
1809203,117.48599605140222
1809204,43.39377401117317
1809205,230.9641947683121
1809211,77.54862632059164
1809212,357.8685080678401
1809213,118.71045753115123
1809214,44.61823549092218
1809215,232.18865624806114
1809221,129.79300545278755
1809222,410.112887200036
1809223,170.95483666334715
1809224,96.8626146231181
1809225,284.433035380257
1809231,124.97360801687506
1809232,405.29348976412354
1809233,166.13543922743466
1809234,92.04321718720561
1809235,279.61363794434453
1809241,70.19463691399731
1809242,350.5145186612458
1809243,111.35646812455691
1809244,37.26424608432786
1809245,224.8346668414668
1809251,72.49019518486969
1809252,352.81007693211814
1809253,113.65202639542929
1809254,39.559804355200235
1809255,227.1302251123392
1809261,80.48637627174531
1809262,360.8062580189938
1809263,121.64820748230491
1809264,47.55598544207586
1809265,235.12640619921478
1809271,89.44571161848901
1809272,369.76559336573746
1809273,130.6075428290486
1809274,56.51532078881956
1809275,244.0857415459585
1809281,75.71503761331529
1809282,356.0349193605638
1809283,116.87686882387489
1809284,42.78464678364583
1809285,230.35506754078477
1809291,130.05588167656464
1809292,410.3757634238131
1809293,171.21771288712424
1809294,97.12549084689519
1809295,284.6959116040341
1809301,133.12701702748302
1809302,413.4468987747315
1809303,174.2888482380426
1809304,100.19662619781354
1809305,287.7670469549525
1810011,107.55468774492702
1810012,387.8745694921755
1810013,148.7165189554866
1810014,74.62429691525756
1810015,262.1947176723965
1810021,100.70199404711452
1810022,381.021875794363
1810023,141.86382525767414
1810024,67.77160321744506
1810025,255.342023974584
1810031,175.7758428182434
1810032,456.0957245654919
1810033,216.93767402880297
1810034,142.84545198857393
1810035,330.4158727457129
1810041,118.37217955022919
1810042,398.69206129747766
1810043,159.5340107607888
1810044,85.44178872055974
1810045,273.01220947769866
1810051,139.13223347867677
1810052,419.45211522592524
1810053,180.2940646892364
1810054,106.20184264900732
1810055,293.7722634061463
1810061,175.72488268843483
1810062,456.0447644356833
1810063,216.88671389899443
1810064,142.79449185876538
1810065,330.3649126159043
1810071,169.16127291606904
1810072,449.4811546633175
1810073,210.32310412662866
1810074,136.2308820863996
1810075,323.80130284353856
1810081,111.50234301442276
1810082,391.82222476167124
1810083,152.66417422498236
1810084,78.57195218475331
1810085,266.14237294189223
1810091,118.5689741044047
1810092,398.88885585165315
1810093,159.7308053149643
1810094,85.63858327473525
1810095,273.2090040318742
1810101,131.8510287987849
1810102,412.1709105460334
1810103,173.0128600093445
1810104,98.92063796911546
1810105,286.4910587262544
1810111,134.37075483199706
1810112,414.6906365792455
1810113,175.53258604255666
1810114,101.44036400232761
1810115,289.01078475946656
1810121,140.76922926160046
1810122,421.08911100884893
1810123,181.93106047216006
1810124,107.83883843193101
1810125,295.4092591890699
1810131,169.5277002840703
1810132,449.8475820313188
1810133,210.6895314946299
1810134,136.59730945440086
1810135,324.1677302115398
1810141,169.5277002840703
1810142,449.8475820313188
1810143,210.6895314946299
1810144,136.59730945440086
1810145,324.1677302115398
1810151,138.4161289995715
1810152,418.73601074681994
1810153,179.5779602101311
1810154,105.48573816990205
1810155,293.056158927041
1810161,138.72962332095085
1810162,419.0495050681993
1810163,179.89145453151045
1810164,105.7992324912814
1810165,293.3696532484203
1810171,148.68340294257598
1810172,429.00328468982445
1810173,189.8452341531356
1810174,115.75301211290653
1810175,303.3234328700455
1810181,120.57024889640901
1810182,400.89013064365747
1810183,161.73208010696862
1810184,87.63985806673955
1810185,275.2102788238785
1810191,113.93992870004332
1810192,394.2598104472918
1810193,155.10175991060294
1810194,81.00953787037386
1810195,268.57995862751284
1810201,147.06213201229332
1810202,427.3820137595418
1810203,188.22396322285292
1810204,114.13174118262387
1810205,301.7021619397628
1810211,147.06213201229332
1810212,427.3820137595418
1810213,188.22396322285292
1810214,114.13174118262387
1810215,301.7021619397628
1810221,60.72412538773294
1810222,341.04400713498137
1810223,101.88595659829254
1810224,27.793734558063484
1810225,215.36415531520242
1810231,59.529956043562635
1810232,339.8498377908111
1810233,100.69178725412223
1810234,26.59956521389318
1810235,214.16998597103213
1810241,60.850449428284634
1810242,341.1703311755331
1810243,102.01228063884423
1810244,27.920058598615178
1810245,215.49047935575413
1810251,66.41614504418736
1810252,346.73602679143585
1810253,107.57797625474696
1810254,33.485754214517904
1810255,221.05617497165684
1810261,51.1918764845331
1810262,331.5117582317815
1810263,92.3537076950927
1810264,18.26148565486364
1810265,205.83190641200258
1810271,91.7496306790969
1810272,372.06951242634534
1810273,132.9114618896565
1810274,58.81923984942744
1810275,246.3896606065664
1810281,94.95918440555788
1810282,375.2790661528063
1810283,136.12101561611746
1810284,62.02879357588842
1810285,249.59921433302736
1810291,53.228521151372306
1810292,333.5484028986208
1810293,94.3903523619319
1810294,20.29813032170285
1810295,207.8685510788418
1810301,70.19201970925224
1810302,350.5119014565007
1810303,111.35385091981183
1810304,37.26162887958278
1810305,224.8320496367217
1811011,61.366245079937045
1811012,341.6861268271855
1811013,102.52807629049664
1811014,28.43585425026759
1811015,216.00627500740654
1811016,29.67745994997295
1811021,60.512259966318936
1811022,340.8321417135674
1811023,101.67409117687853
1811024,27.58186913664948
1811025,215.1522898937884
1811026,28.82347483635484
1811031,110.67967965461867
1811032,390.99956140186714
1811033,151.84151086517826
1811034,77.74928882494922
1811035,265.31970958208814
1811036,78.99089452465458
1811041,109.01479690403085
1811042,389.3346786512793
1811043,150.17662811459044
1811044,76.0844060743614
1811045,263.6548268315003
1811046,77.32601177406676
1811051,63.12555863209013
1811052,343.4454403793386
1811053,104.28738984264973
1811054,30.195167802420677
1811055,217.7655885595596
1811056,31.436773502126037
1811061,58.55291648577122
1811062,338.8727982330197
1811063,99.71474769633082
1811064,25.622525656101764
1811065,213.1929464132407
1811066,26.864131355807125
1811071,67.49070809419072
1811072,347.8105898414392
1811073,108.65253930475032
1811074,34.56031726452127
1811075,222.1307380216602
1811076,35.80192296422663
1811081,69.37465436459286
1811082,349.69453611184133
1811083,110.53648557515245
1811084,36.4442635349234
1811085,224.01468429206233
1811086,37.68586923462876
1811091,55.692862530406444
1811092,336.0127442776549
1811093,96.85469374096604
1811094,22.762471700736988
1811095,210.33289245787591
1811096,24.00407740044235
1811101,116.69748366952712
1811102,397.0173654167756
1811103,157.8593148800867
1811104,83.76709283985767
1811105,271.3375135969966
1811106,85.00869853956303
1811111,116.81525597532591
1811112,397.13513772257437
1811113,157.97708718588552
1811114,83.88486514565645
1811115,271.45528590279537
1811116,85.12647084536181
1811121,57.30026677094173
1811122,337.6201485181902
1811123,98.46209798150133
1811124,24.369875941272277
1811125,211.9402966984112
1811126,25.611481640977637
1811131,59.2855042553594
1811132,339.6053860026079
1811133,100.447335465919
1811134,26.355113425689943
1811135,213.92553418282887
1811136,27.596719125395303
1811141,56.20315140596131
1811142,336.5230331532098
1811143,97.3649826165209
1811144,23.27276057629185
1811145,210.84318133343078
1811146,24.51436627599721
1811151,66.63887077117774
1811152,346.9587525184262
1811153,107.80070198173733
1811154,33.70847994150828
1811155,221.27890069864722
1811156,34.95008564121364
1811161,55.589773550481596
1811162,335.90965529773007
1811163,96.7516047610412
1811164,22.65938272081214
1811165,210.22980347795107
1811166,23.9009884205175
1811171,99.02550040050312
1811172,379.3453821477516
1811173,140.18733161106272
1811174,66.09510957083367
1811175,253.6655303279726
1811176,67.33671527053903
1811181,97.48525036816423
1811182,377.8051321154127
1811183,138.64708157872383
1811184,64.55485953849478
1811185,252.12528029563373
1811186,65.79646523820014
1811191,43.337680012885414
1811192,323.6575617601339
1811193,84.49951122344501
1811194,10.407289183215958
1811195,197.97770994035488
1811196,11.648894882921319
1811201,36.993595924633155
1811202,317.3134776718816
1811203,78.15542713519275
1811204,4.063205094963699
1811205,191.63362585210263
1811206,5.304810794669059
1811211,30.960228529725583
1811212,311.280110276974
1811213,72.12205974028518
1811214,-1.9701622999438726
1811215,185.60025845719508
1811216,-0.7285566002385124
1811221,28.44560673903912
1811222,308.7654884862876
1811223,69.60743794959872
1811224,-4.484784090630335
1811225,183.0856366665086
1811226,-3.2431783909249745
1811231,33.24529452943284
1811232,313.5651762766813
1811233,74.40712573999244
1811234,0.3149036997633843
1811235,187.8853244569023
1811236,1.5565093994687444
1811241,90.78871205548899
1811242,371.10859380273746
1811243,131.95054326604858
1811244,57.85832122581953
1811245,245.42874198295846
1811246,59.09992692552489
1811251,100.27994788124204
1811252,380.5998296284905
1811253,141.44177909180164
1811254,67.34955705157259
1811255,254.9199778087115
1811256,68.59116275127795
1811261,40.44604155133794
1811262,320.7659232985864
1811263,81.60787276189754
1811264,7.515650721668486
1811265,195.0860714788074
1811266,8.757256421373846
1811271,28.011991612250768
1811272,308.33187335949924
1811273,69.17382282281037
1811274,-4.918399217418688
1811275,182.65202153972024
1811276,-3.676793517713328
1811281,35.61947636548656
1811282,315.939358112735
1811283,76.78130757604616
1811284,2.6890855358171066
1811285,190.25950629295605
1811286,3.930691235522467
1811291,31.932711176457076
1811292,312.25259292370555
1811293,73.09454238701667
1811294,-0.99767965321238
1811295,186.57274110392655
1811296,0.24392604649298022
1811301,47.90295921138045
1811302,328.2228409586289
1811303,89.06479042194005
1811304,14.972568381710992
1811305,202.54298913884992
1811306,16.214174081416353
1812011,98.54842489990546
1812012,378.86830664715393
1812013,139.71025611046505
1812014,65.618034070236
1812015,253.18845482737493
1812016,66.85963976994137
1812021,99.27957506118396
1812022,379.5994568084324
1812023,140.44140627174357
1812024,66.3491842315145
1812025,253.91960498865345
1812026,67.59078993121986
1812031,55.09903224379417
1812032,335.41891399104264
1812033,96.26086345435377
1812034,22.168641414124714
1812035,209.73906217126364
1812036,23.410247113830074
1812041,39.01264543748833
1812042,319.3325271847368
1812043,80.17447664804793
1812044,6.082254607818875
1812045,193.65267536495782
1812046,7.323860307524235
1812051,30.161000529388872
1812052,310.4808822766373
1812053,71.32283173994847
1812054,-2.769390300280584
1812055,184.80103045685837
1812056,-1.5277846005752238
1812061,40.72846534398235
1812062,321.0483470912308
1812063,81.89029655454195
1812064,7.798074514312894
1812065,195.36849527145182
1812066,9.039680214018254
1812071,52.36897879200828
1812072,332.6888605392567
1812073,93.53081000256788
1812074,19.438587962338822
1812075,207.00900871947778
1812076,20.680193662044182
1812081,96.91368904719054
1812082,377.233570794439
1812083,138.07552025775016
1812084,63.98329821752109
1812085,251.55371897466003
1812086,65.22490391722644
1812091,95.0735554807513
1812092,375.39343722799975
1812093,136.2353866913109
1812094,62.14316465108184
1812095,249.71358540822078
1812096,63.3847703507872
1812101,37.15373549863874
1812102,317.4736172458872
1812103,78.31556670919834
1812104,4.223344668969283
1812105,191.79376542610822
1812106,5.464950368674643
1812111,33.477980278600285
1812112,313.79786202584876
1812113,74.63981148915988
1812114,0.5475894489308288
1812115,188.11801020606975
1812116,1.789195148636189
1812121,34.56878596483112
1812122,314.8886677120796
1812123,75.73061717539072
1812124,1.638395135161666
1812125,189.2088158923006
1812126,2.880000834867026
1812131,27.409403339278754
1812132,307.7292850865272
1812133,68.57123454983835
1812134,-5.520987490390702
1812135,182.04943326674822
1812136,-4.279381790685342
1812141,33.043323450392336
1812142,313.3632051976408
1812143,74.20515466095193
1812144,0.11293262072288002
1812145,187.6833533778618
1812146,1.3545383204282402
1812151,72.66387484422626
1812152,352.98375659147473
1812153,113.82570605478585
1812154,39.7334840145568
1812155,227.30390477169573
1812156,40.97508971426216
1812161,71.48093183722949
1812162,351.80081358447796
1812163,112.64276304778909
1812164,38.550541007560035
1812165,226.12096176469896
1812166,39.792146707265395
1812171,27.69817356692579
1812172,308.01805531417426
1812173,68.86000477748539
1812174,-5.232217262743667
1812175,182.33820349439526
1812176,-3.990611563038307
1812181,38.55574202544959
1812182,318.8756237726981
1812183,79.71757323600919
1812184,5.625351195780134
1812185,193.19577195291907
1812186,6.866956895485494
1812191,31.01571087032147
1812192,311.33559261756994
1812193,72.17754208088107
1812194,-1.9146799593479855
1812195,185.65574079779094
1812196,-0.6730742596426253
1812201,42.55068021032878
1812202,322.87056195757725
1812203,83.71251142088838
1812204,9.620289380659322
1812205,197.19071013779825
1812206,10.861895080364683
1812211,76.85869398686825
1812212,357.1785757341167
1812213,118.02052519742784
1812214,43.92830315719879
1812215,231.49872391433775
1812216,45.16990885690415
1812221,126.85860332589232
1812222,407.1784850731408
1812223,168.02043453645192
1812224,93.92821249622287
1812225,281.4986332533618
1812226,95.16981819592823
1812231,137.0582053628745
1812232,417.378087110123
1812233,178.2200365734341
1812234,104.12781453320505
1812235,291.698235290344
1812236,105.36942023291041
1812241,75.18955834227722
1812242,355.5094400895257
1812243,116.35138955283682
1812244,42.25916751260777
1812245,229.8295882697467
1812246,43.50077321231313
1812271,91.40025880852829
1812272,371.72014055577677
1812273,132.5620900190879
1812274,58.46986797885884
1812275,246.04028873599776
1812276,59.7114736785642
1812281,86.52482047087284
1812282,366.8447022181213
1812283,127.68665168143244
1812284,53.594429641203384
1812285,241.1648503983423
1812286,54.836035340908744
1812291,138.62179689944702
1812292,418.9416786466955
1812293,179.78362811000665
1812294,105.69140606977757
1812295,293.2618268269165
1812301,135.183017078832
1812302,415.50289882608047
1812303,176.3448482893916
1812304,102.25262624916255
1812305,289.82304700630146
1812311,456.470590740401
1812312,736.7904724876495
1812313,497.63242195096063
1812315,611.1106206678705
1901021,70.7118407342887
1901022,351.03172248153714
1901023,111.8736719448483
1901024,37.781449904619244
1901025,225.3518706617582
1901031,59.70206628765118
1901032,340.02194803489965
1901033,100.86389749821078
1901034,26.771675457981722
1901035,214.34209621512065
1901041,79.27758697268138
1901042,359.59746871992985
1901043,120.43941818324097
1901044,46.34719614301192
1901045,233.91761690015085
1901051,99.936540155913
1901052,380.2564219031615
1901053,141.09837136647258
1901054,67.00614932624353
1901055,254.57657008338248
1901061,85.16741284691619
1901062,365.48729459416467
1901063,126.32924405747579
1901064,52.23702201724674
1901065,239.80744277438566
1901071,39.70119820020457
1901072,320.021079947453
1901073,80.86302941076417
1901074,6.770807370535117
1901075,194.34122812767407
1901081,38.14329034546118
1901082,318.46317209270967
1901083,79.30512155602078
1901084,5.212899515791726
1901085,192.78332027293067
1901091,26.988348499741534
1901092,307.30823024699
1901093,68.15017971030113
1901094,-5.942042329927922
1901095,181.62837842721103
1901101,21.060847712793475
1901102,301.38072946004195
1901103,62.22267892335307
1901104,-11.869543116875981
1901105,175.70087764026295
1901111,42.87081629992855
1901112,323.190698047177
1901113,84.03264751048815
1901114,9.940425470259093
1901115,197.51084622739802
1901121,90.98083666788416
1901122,371.3007184151326
1901123,132.14266787844377
1901124,58.050445838214706
1901125,245.62086659535365
1901131,96.5888627751278
1901132,376.90874452237625
1901133,137.7506939856874
1901134,63.65847194545834
1901135,251.22889270259728
1901141,32.87435204646194
1901142,313.1942337937104
1901143,74.03618325702153
1901144,-0.056038783207519316
1901145,187.51438197393142
1901151,42.16981303652307
1901152,322.48969478377154
1901153,83.33164424708266
1901154,9.239422206853611
1901155,196.80984296399254
1901161,41.367518559102166
1901162,321.68740030635064
1901163,82.52934976966176
1901164,8.43712772943271
1901165,196.00754848657164
1901171,33.49489765188065
1901172,313.8147793991291
1901173,74.65672886244025
1901174,0.5645068222111931
1901175,188.13492757935012
1901181,20.416442905315336
1901182,300.7363246525638
1901183,61.57827411587493
1901184,-12.51394792435412
1901185,175.05647283278483
1901191,81.14887228011492
1901192,361.4687540273634
1901193,122.31070349067451
1901194,48.21848145044546
1901195,235.78890220758439
1901201,78.88673260823077
1901202,359.20661435547925
1901203,120.04856381879037
1901204,45.95634177856132
1901205,233.52676253570024
1901211,22.8606387866904
1901212,303.1805205339389
1901213,64.02246999725
1901214,-10.069752042979054
1901215,177.50066871415987
1901221,22.832947016911135
1901222,303.1528287641596
1901223,63.99477822747073
1901224,-10.097443812758321
1901225,177.4729769443806
1901231,11.573082098460986
1901232,291.89296384570946
1901233,52.734913309020584
1901234,-21.35730873120847
1901235,166.21311202593046
1901241,7.482379695733357
1901242,287.80226144298183
1901243,48.644210906292955
1901244,-25.4480111339361
1901245,162.12240962320283
1901251,12.477027947497163
1901252,292.79690969474564
1901253,53.63885915805676
1901254,-20.453362882172293
1901255,167.11705787496663
1901261,83.09454995457288
1901262,363.41443170182134
1901263,124.25638116513248
1901264,50.16415912490343
1901265,237.73457988204237
1901271,86.95006790330292
1901272,367.2699496505514
1901273,128.11189911386253
1901274,54.01967707363347
1901275,241.5900978307724
1901281,33.98906559325201
1901282,314.3089473405005
1901283,75.1508968038116
1901284,1.0586747635825517
1901285,188.62909552072148
1901291,29.870671420744998
1901292,310.19055316799347
1901293,71.0325026313046
1901294,-3.059719408924458
1901295,184.51070134821447
1901301,21.761850976198957
1901302,302.08173272344743
1901303,62.923682186758555
1901304,-11.168539853470499
1901305,176.40188090366843
1901311,29.257293565265172
1901312,309.57717531251365
1901313,70.41912477582477
1901314,-3.6730972644042836
1901315,183.89732349273464
1902011,16.739919852387743
1902012,297.0598015996362
1902013,57.90175106294734
1902014,-16.190470977281713
1902015,171.3799497798572
1902021,76.64922339243742
1902022,356.9691051396859
1902023,117.81105460299702
1902024,43.718832562767965
1902025,231.2892533199069
1902031,72.96215086591931
1902032,353.28203261316776
1902033,114.12398207647891
1902034,40.03176003624986
1902035,227.6021807933888
1902041,21.145411807030655
1902042,301.4652935542791
1902043,62.30724301759025
1902044,-11.784979022638801
1902045,175.78544173450013
1902051,29.723943797387903
1902052,310.0438255446364
1902053,70.8857750079475
1902054,-3.2064470322815524
1902055,184.36397372485737
1902061,20.84644598471445
1902062,301.1663277319629
1902063,62.00827719527405
1902064,-12.083944844955006
1902065,175.48647591218395
1902071,31.900913189440132
1902072,312.2207949366886
1902073,73.06274439999973
1902074,-1.0294776402293238
1902075,186.5409431169096
1902081,33.52198323606518
1902082,313.84186498331366
1902083,74.68381444662478
1902084,0.5915924063957263
1902085,188.16201316353465
1902091,90.23295938682743
1902092,370.5528411340759
1902093,131.39479059738704
1902094,57.302568557157976
1902095,244.87298931429692
1902101,79.52899381380459
1902102,359.84887556105303
1902103,120.69082502436419
1902104,46.598602984135134
1902105,234.1690237412741
1902111,31.454182990262808
1902112,311.77406473751125
1902113,72.6160142008224
1902114,-1.4762078394066478
1902115,186.0942129177323
1902121,37.3157697807394
1902122,317.6356515279879
1902123,78.477600991299
1902124,4.385378951069946
1902125,191.95579970820887
1902131,45.42112001386499
1902132,325.74100176111347
1902133,86.58295122442459
1902134,12.490729184195537
1902135,200.06114994133446
1902141,42.93991682216654
1902142,323.259798569415
1902143,84.10174803272614
1902144,10.009525992497082
1902145,197.579946749636
1902151,50.38127110220992
1902152,330.70115284945837
1902153,91.54310231276952
1902154,17.450880272540466
1902155,205.02130102967942
1902161,110.83142830551346
1902162,391.1513100527619
1902163,151.99325951607307
1902164,77.90103747584399
1902165,265.47145823298297
1902171,115.03744788594624
1902172,395.3573296331947
1902173,156.19927909650585
1902174,82.10705705627677
1902175,269.67747781341575
1902181,51.739464925058
1902182,332.05934667230645
1902183,92.9012961356176
1902184,18.809074095388546
1902185,206.3794948525275
1902191,30.216200942129618
1902192,310.5360826893781
1902193,71.37803215268922
1902194,-2.7141898875398383
1902195,184.8562308695991
1902201,39.19625039415399
1902202,319.51613214140247
1902203,80.35808160471359
1902204,6.265859564484536
1902205,193.83628032162346
1902211,40.37043086035811
1902212,320.6903126076066
1902213,81.53226207091771
1902214,7.440040030688657
1902215,195.01046078782758
1902221,25.101340915650923
1902222,305.42122266289937
1902223,66.26317212621052
1902224,-7.829049914018533
1902225,179.74137084312042
1902231,81.09852805104322
1902232,361.4184097982917
1902233,122.26035926160282
1902234,48.16813722137376
1902235,235.7385579785127
1902241,108.24647877170595
1902242,388.5663605189544
1902243,149.40830998226556
1902244,75.31608794203649
1902245,262.88650869917547
1902251,47.91046201548623
1902252,328.2303437627347
1902253,89.07229322604583
1902254,14.980071185816776
1902255,202.55049194295572
1902261,58.7645987748124
1902262,339.08448052206086
1902263,99.926429985372
1902264,25.834207945142943
1902265,213.40462870228188
1902271,67.74620308719467
1902272,348.06608483444313
1902273,108.90803429775427
1902274,34.81581225752522
1902275,222.38623301466416
1902281,41.16330560520883
1902282,321.4831873524573
1902283,82.32513681576843
1902284,8.232914775539378
1902285,195.80333553267832
1903011,29.495500919610436
1903012,309.8153826668589
1903013,70.65733213017003
1903014,-3.4348899100590202
1903015,184.1355308470799
1903021,82.2195210097542
1903022,362.5394027570027
1903023,123.3813522203138
1903024,49.28913018008475
1903025,236.85955093722367
1903031,91.9536643949285
1903032,372.27354614217694
1903033,133.1154956054881
1903034,59.02327356525904
1903035,246.593694322398
1903041,33.358741973764126
1903042,313.67862372101257
1903043,74.52057318432372
1903044,0.4283511440946697
1903045,187.99877190123362
1903051,36.54058827126818
1903052,316.86047001851665
1903053,77.70241948182777
1903054,3.6101974415987215
1903055,191.18061819873765
1903061,33.37240777985386
1903062,313.69228952710233
1903063,74.53423899041346
1903064,0.4420169501844029
1903065,188.01243770732333
1903071,43.49314239527001
1903072,323.8130241425185
1903073,84.65497360582961
1903074,10.562751565600557
1903075,198.13317232273948
1903081,33.81053481948226
1903082,314.13041656673073
1903083,74.97236603004185
1903084,0.880143989812801
1903085,188.45056474695173
1903091,78.57096018953953
1903092,358.890841936788
1903093,119.73279140009913
1903094,45.64056935987008
1903095,233.21099011700903
1903101,90.14510851418821
1903102,370.4649902614367
1903103,131.3069397247478
1903104,57.21471768451875
1903105,244.7851384416577
1903111,26.682729879628994
1903112,307.00261162687747
1903113,67.84456109018859
1903114,-6.247660950040462
1903115,181.32275980709846
1903121,28.68444845582991
1903122,309.0043302030784
1903123,69.8462796663895
1903124,-4.245942373839547
1903125,183.32447838329938
1903131,20.35668629795093
1903132,300.67656804519936
1903133,61.51851750851053
1903134,-12.573704531718526
1903135,174.9967162254204
1903141,29.166388199421192
1903142,309.48626994666967
1903143,70.32821940998079
1903144,-3.764002630248264
1903145,183.80641812689066
1903151,35.91354460969859
1903152,316.23342635694706
1903153,77.07537582025819
1903154,2.9831537800291343
1903155,190.55357453716806
1903161,80.08042162099864
1903162,360.4003033682471
1903163,121.24225283155823
1903164,47.15003079132918
1903165,234.72045154846813
1903171,89.21137592487878
1903172,369.53125767212725
1903173,130.37320713543838
1903174,56.280985095209324
1903175,243.85140585234825
1903181,34.569016592940386
1903182,314.88889834018886
1903183,75.73084780349998
1903184,1.6386257632709302
1903185,189.20904652040986
1903191,44.244456418789255
1903192,324.5643381660377
1903193,85.40628762934885
1903194,11.3140655891198
1903195,198.88448634625874
1903211,51.77194567833749
1903212,332.09182742558596
1903213,92.93377688889709
1903214,18.841554848668032
1903215,206.41197560580696
1903221,51.93107556000541
1903222,332.2509573072539
1903223,93.09290677056501
1903224,19.000684730335955
1903225,206.57110548747488
1903231,105.45984525566382
1903232,385.7797270029123
1903233,146.62167646622342
1903234,72.52945442599437
1903235,260.0998751831333
1903241,87.2571019113556
1903242,367.57698365860404
1903243,128.4189331219152
1903244,54.32671108168615
1903245,241.8971318388251
1903251,38.16590439141281
1903252,318.4857861386613
1903253,79.3277356019724
1903254,5.235513561743353
1903255,192.8059343188823
1903261,39.9184125499264
1903262,320.2382942971749
1903263,81.080243760486
1903264,6.9880217202569455
1903265,194.5584424773959
1903271,41.75430004284618
1903272,322.07418179009466
1903273,82.91613125340578
1903274,8.823909213176726
1903275,196.39432997031565
1903281,47.2396460245609
1903282,327.55952777180937
1903283,88.4014772351205
1903284,14.309255194891442
1903285,201.87967595203037
1903291,54.90235730521793
1903292,335.2222390524664
1903293,96.06418851577753
1903294,21.971966475548477
1903295,209.54238723268742
1903301,127.5497438749958
1903302,407.86962562224426
1903303,168.7115750855554
1903304,94.61935304532633
1903305,282.1897738024653
1903311,100.0791784902947
1903312,380.39906023754315
1903313,141.2410097008543
1903314,67.14878766062523
1903315,254.71920841776418
1904011,44.67198412941208
1904012,324.99186587666054
1904013,85.83381533997168
1904014,11.741593299742625
1904015,199.31201405688157
1904021,57.415221023456425
1904022,337.7351027707049
1904023,98.57705223401602
1904024,24.48483019378697
1904025,212.0552509509259
1904041,89.35775650585515
1904042,369.6776382531036
1904043,130.51958771641475
1904044,56.427365676185694
1904045,243.99778643332462
1904051,99.74296669033505
1904052,380.0628484375835
1904053,140.90479790089466
1904054,66.81257586066559
1904055,254.38299661780454
1904061,152.02056391879
1904062,432.3404456660385
1904063,193.1823951293496
1904064,119.09017308912055
1904065,306.6605938462595
1904071,156.01581580146888
1904072,436.33569754871735
1904073,197.1776470120285
1904074,123.08542497179943
1904075,310.6558457289384
1904081,89.40316855510459
1904082,369.72305030235304
1904083,130.5649997656642
1904084,56.47277772543513
1904085,244.04319848257407
1904091,80.81587857838782
1904092,361.1357603256363
1904093,121.97770978894742
1904094,47.88548774871837
1904095,235.4559085058573
1904101,79.45768475553974
1904102,359.7775665027882
1904103,120.61951596609934
1904104,46.52729392587029
1904105,234.09771468300923
1904111,74.43861974753213
1904112,354.7585014947806
1904113,115.60045095809173
1904114,41.508228917862674
1904115,229.0786496750016
1904121,74.00049270790373
1904122,354.3203744551522
1904123,115.16232391846333
1904124,41.070101878234276
1904125,228.6405226353732
1904131,118.73693487072059
1904132,399.05681661796905
1904133,159.8987660812802
1904134,85.80654404105113
1904135,273.3769647981901
1904141,124.56546210608809
1904142,404.88534385333656
1904143,165.7272933166477
1904144,91.63507127641864
1904145,279.20549203355756
1904151,83.22557729634401
1904152,363.5454590435925
1904153,124.38740850690361
1904154,50.29518646667456
1904155,237.8656072238135
1904161,87.03728254111117
1904162,367.3571642883596
1904163,128.19911375167078
1904164,54.10689171144171
1904165,241.67731246858065
1904171,98.34096016352409
1904172,378.66084191077255
1904173,139.5027913740837
1904174,65.41056933385462
1904175,252.98099009099357
1904181,103.07273219151092
1904182,383.3926139387594
1904183,144.23456340207053
1904184,70.14234136184146
1904185,257.71276211898044
1904201,106.08684534049678
1904202,386.40672708774525
1904203,147.24867655105638
1904204,73.15645451082733
1904205,260.72687526796625
1904211,119.01159300953475
1904212,399.3314747567832
1904213,160.17342422009435
1904214,86.0812021798653
1904215,273.6516229370042
1904221,136.02624689510833
1904222,416.3461286423568
1904223,177.18807810566796
1904224,103.09585606543888
1904225,290.66627682257786
1904231,66.31545988705535
1904232,346.6353416343038
1904233,107.47729109761495
1904234,33.3850690573859
1904235,220.95548981452484
1904241,71.10245844246332
1904242,351.4223401897118
1904243,112.26428965302291
1904244,38.17206761279386
1904245,225.7424883699328
1904251,75.26917723177337
1904252,355.58905897902184
1904253,116.43100844233297
1904254,42.33878640210391
1904255,229.90920715924284
1904261,64.48105646224519
1904262,344.80093820949367
1904263,105.64288767280479
1904264,31.550665632575736
1904265,219.12108638971466
1904271,116.74611815543156
1904272,397.06599990268
1904273,157.90794936599116
1904274,83.81572732576211
1904275,271.38614808290106
1904281,97.27173385760608
1904282,377.59161560485455
1904283,138.43356506816568
1904284,64.34134302793663
1904285,251.91176378507555
1904291,60.436261733974334
1904292,340.7561434812228
1904293,101.59809294453393
1904294,27.505870904304878
1904295,215.0762916614438
1904301,68.22811764572046
1904302,348.5479993929689
1904303,109.38994885628006
1904304,35.297726816051004
1904305,222.86814757318996
1905021,39.49111546741284
1905022,319.8109972146613
1905023,80.65294667797244
1905024,6.560724637743384
1905025,194.1311453948823
1905031,38.881983685452596
1905032,319.2018654327011
1905033,80.0438148960122
1905034,5.95159285578314
1905035,193.52201361292208
1905041,87.26430000975557
1905042,367.58418175700405
1905043,128.42613122031517
1905044,54.33390918008612
1905045,241.90432993722504
1905051,96.47372582831179
1905052,376.79360757556026
1905053,137.63555703887138
1905054,63.54333499864233
1905055,251.11375575578126
1905061,40.23593143478121
1905062,320.5558131820297
1905063,81.3977626453408
1905064,7.3055406051117515
1905065,194.87596136225068
1905071,42.03649837077715
1905072,322.35638011802564
1905073,83.19832958133675
1905074,9.106107541107697
1905075,196.67652829824664
1905081,50.299187540144715
1905082,330.6190692873932
1905083,91.46101875070431
1905084,17.36879671047526
1905085,204.93921746761418
1905091,60.69646418542783
1905092,341.0163459326763
1905093,101.85829539598743
1905094,27.766073355758373
1905095,215.3364941128973
1905101,42.062399195130695
1905102,322.38228094237917
1905103,83.22423040569029
1905104,9.132008365461239
1905105,196.70242912260017
1905111,99.40917699382214
1905112,379.7290587410706
1905113,140.57100820438174
1905114,66.4787861641527
1905115,254.0492069212916
1905121,114.55244682866648
1905122,394.87232857591493
1905123,155.7142780392261
1905124,81.62205599899701
1905125,269.192476756136
1905131,59.944480468120574
1905132,340.26436221536903
1905133,101.10631167868017
1905134,27.014089638451118
1905135,214.58451039559006
1905141,48.70054128596905
1905142,329.0204230332175
1905143,89.86237249652865
1905144,15.770150456299596
1905145,203.34057121343852
1905151,54.17712928132414
1905152,334.4970110285726
1905153,95.33896049188374
1905154,21.246738451654686
1905155,208.8171592087936
1905161,51.84629798493398
1905162,332.16617973218246
1905163,93.00812919549358
1905164,18.915907155264527
1905165,206.48632791240345
1905171,53.5395298674855
1905172,333.859411614734
1905173,94.7013610780451
1905174,20.609139037816043
1905175,208.17955979495497
1905181,126.73237853033619
1905182,407.05226027758465
1905183,167.8942097408958
1905184,93.80198770066673
1905185,281.3724084578057
1905191,115.11371615812311
1905192,395.4335979053716
1905193,156.2755473686827
1905194,82.18332532845366
1905195,269.7537460855926
1905201,72.58193515713776
1905202,352.90181690438624
1905203,113.74376636769736
1905204,39.65154432746831
1905205,227.22196508460723
1905211,60.23100553361982
1905212,340.55088728086827
1905213,101.39283674417942
1905214,27.300614703950366
1905215,214.87103546108932
1905221,50.53191686604879
1905222,330.85179861329726
1905223,91.69374807660839
1905224,17.601526036379333
1905225,205.17194679351826
1905231,69.21767249254302
1905232,349.53755423979146
1905233,110.37950370310261
1905234,36.28728166287356
1905235,223.85770242001252
1905241,69.83105034802284
1905242,350.1509320952713
1905243,110.99288155858244
1905244,36.900659518353386
1905245,224.47108027549234
1905251,106.46302233183951
1905252,386.782904079088
1905253,147.6248535423991
1905254,73.53263150217006
1905255,261.103052259309
1905261,103.9734213113812
1905262,384.29330305862965
1905263,145.1352525219408
1905264,71.04303048171175
1905265,258.6134512388507
1905271,58.95271401327375
1905272,339.2725957605222
1905273,100.11454522383335
1905274,26.022323183604293
1905275,213.59274394074322
1905281,51.592179747516525
1905282,331.912061494765
1905283,92.75401095807612
1905284,18.66178891784707
1905285,206.232209674986
1905291,52.13071794703515
1905292,332.4505996942836
1905293,93.29254915759475
1905294,19.200327117365696
1905295,206.77074787450465
1905301,121.5132722890242
1905302,401.8331540362727
1905303,162.6751034995838
1905304,88.58288145935475
1905305,276.15330221649367
1905311,112.53406463946033
1905312,392.8539463867088
1905313,153.69589585001992
1905314,79.60367380979088
1905315,267.1740945669298
1906011,125.27899609917986
1906012,405.5988778464283
1906013,166.44082730973946
1906014,92.34860526951041
1906015,279.91902602664936
1906021,142.22172678083473
1906022,422.5416085280832
1906023,183.38355799139433
1906024,109.29133595116528
1906025,296.8617567083042
1906031,83.92898137457006
1906032,364.24886312181854
1906033,125.09081258512965
1906034,50.9985905449006
1906035,238.56901130203954
1906041,62.2812595434072
1906042,342.6011412906557
1906043,103.4430907539668
1906044,29.350868713737746
1906045,216.92128947087667
1906051,83.62680435967025
1906052,363.9466861069187
1906053,124.78863557022984
1906054,50.69641353000079
1906055,238.26683428713972
1906061,74.32975313318838
1906062,354.64963488043685
1906063,115.49158434374797
1906064,41.39936230351892
1906065,228.96978306065785
1906071,61.750599276123026
1906072,342.0704810233715
1906073,102.91243048668262
1906074,28.82020844645357
1906075,216.3906292035925
1906081,116.4510988643247
1906082,396.7709806115732
1906083,157.6129300748843
1906084,83.52070803465526
1906085,271.0911287917942
1906091,122.24313377377928
1906092,402.56301552102775
1906093,163.40496498433887
1906094,89.31274294410983
1906095,276.88316370124875
1906101,121.31822787631037
1906102,401.6381096235588
1906103,162.48005908686997
1906104,88.38783704664093
1906105,275.9582578037799
1906111,69.626690394765
1906112,349.94657214201345
1906113,110.7885216053246
1906114,36.69629956509555
1906115,224.2667203222345
1906121,69.91689823072159
1906122,350.23677997797006
1906123,111.07872944128118
1906124,36.98650740105213
1906125,224.55692815819106
1906131,81.04185482586274
1906132,361.3617365731112
1906133,122.20368603642234
1906134,48.11146399619329
1906135,235.6818847533322
1906141,86.31933060460736
1906142,366.6392123518558
1906143,127.48116181516696
1906144,53.3889397749379
1906145,240.95936053207686
1906151,123.44602808397977
1906152,403.7659098312282
1906153,164.60785929453937
1906154,90.51563725431032
1906155,278.08605801144927
1906161,128.17063456072734
1906162,408.4905163079758
1906163,169.33246577128693
1906164,95.24024373105789
1906165,282.81066448819684
1906171,79.99034993075452
1906172,360.310231678003
1906173,121.15218114131412
1906174,47.05995910108506
1906175,234.630379858224
1906181,94.0741792060301
1906182,374.39406095327854
1906183,135.2360104165897
1906184,61.14378837636064
1906185,248.7142091334996
1906191,99.73968382332636
1906192,380.0595655705748
1906193,140.90151503388597
1906194,66.8092929936569
1906195,254.37971375079584
1906201,73.58918323933959
1906202,353.9090649865881
1906203,114.75101444989919
1906204,40.658792409670134
1906205,228.22921316680907
1906211,66.97797685379078
1906212,347.29785860103925
1906213,108.13980806435038
1906214,34.04758602412132
1906215,221.61800678126025
1906221,162.95587280253517
1906222,443.27575454978364
1906223,204.1177040130948
1906224,130.02548197286572
1906225,317.5959027300047
1906231,174.6976774645765
1906232,455.01755921182496
1906233,215.8595086751361
1906234,141.76728663490704
1906235,329.337707392046
1906241,116.46918241141339
1906242,396.78906415866186
1906243,157.63101362197298
1906244,83.53879158174394
1906245,271.10921233888286
1906251,140.6537949989014
1906252,420.97367674614986
1906253,181.815626209461
1906254,107.72340416923194
1906255,295.29382492637086
1906261,140.9883708943056
1906262,421.3082526415541
1906263,182.15020210486523
1906264,108.05798006463615
1906265,295.62840082177513
1906271,99.99560572138523
1906272,380.3154874686337
1906273,141.15743693194483
1906274,67.06521489171578
1906275,254.6356356488547
1906281,110.68590548831844
1906282,391.0057872355669
1906283,151.84773669887804
1906284,77.75551465864899
1906285,265.3259354157879
1906291,177.44277659853574
1906292,457.7626583457842
1906293,218.60460780909534
1906294,144.5123857688663
1906295,332.08280652600524
1906301,199.1013535718788
1906302,479.4212353191273
1906303,240.26318478243843
1906304,166.17096274220935
1906305,353.74138349934833
1907011,110.2700000099017
1907012,390.5898817571501
1907013,151.43183122046128
1907014,77.33960918023223
1907015,264.9100299373712
1907021,98.13024915348
1907022,378.4501309007285
1907023,139.29208036403958
1907024,65.19985832381053
1907025,252.77027908094948
1907031,102.73058306957829
1907032,383.0504648168268
1907033,143.89241428013787
1907034,69.80019223990882
1907035,257.3706129970478
1907041,100.79857802169369
1907042,381.11845976894216
1907043,141.96040923225328
1907044,67.86818719202424
1907045,255.43860794916316
1907051,100.00994935036255
1907052,380.329831097611
1907053,141.17178056092214
1907054,67.0795585206931
1907055,254.64997927783202
1907061,151.44973521949413
1907062,431.7696169667426
1907063,192.61156643005376
1907064,118.51934438982468
1907065,306.0897651469636
1907071,146.43369805621694
1907072,426.7535798034654
1907073,187.59552926677654
1907074,113.50330722654749
1907075,301.0737279836864
1907081,100.97382883754511
1907082,381.2937105847936
1907083,142.1356600481047
1907084,68.04343800787566
1907085,255.61385876501458
1907091,108.65328022882238
1907092,388.97316197607086
1907093,149.81511143938198
1907094,75.72288939915293
1907095,263.29331015629185
1907111,112.1144838418868
1907112,392.43436558913527
1907113,153.2763150524464
1907114,79.18409301221735
1907115,266.75451376935627
1907121,106.87487806643885
1907122,387.1947598136873
1907123,148.03670927699847
1907124,73.94448723676939
1907125,261.5149079939083
1907131,173.6886701325243
1907132,454.00855187977277
1907133,214.8505013430839
1907134,140.75827930285485
1907135,328.32870005999376
1907141,157.7846585940132
1907142,438.10454034126167
1907143,198.9464898045728
1907144,124.85426776434375
1907145,312.42468852148266
1907151,96.82037994743484
1907152,377.1402616946833
1907153,137.98221115799444
1907154,63.88998911776539
1907155,251.46040987490431
1907161,109.01309740106913
1907162,389.3329791483176
1907163,150.17492861162873
1907164,76.08270657139968
1907165,263.65312732853863
1907171,103.49269670175116
1907172,383.8125784489996
1907173,144.65452791231075
1907174,70.56230587208171
1907175,258.13272662922066
1907181,116.50506977871478
1907182,396.82495152596323
1907183,157.66690098927438
1907184,83.57467894904534
1907185,271.1450997061843
1907191,118.80984542394081
1907192,399.1297271711893
1907193,159.9716766345004
1907194,85.87945459427135
1907195,273.4498753514103
1907201,183.82588583972384
1907202,464.1457675869723
1907203,224.98771705028344
1907204,150.8954950100544
1907205,338.46591576719334
1907211,164.69908369588143
1907212,445.0189654431299
1907213,205.860914906441
1907214,131.76869286621195
1907215,319.3391136233509
1907221,103.1644640356871
1907222,383.4843457829356
1907223,144.3262952462467
1907224,70.23407320601765
1907225,257.8044939631566
1907231,133.504398916297
1907232,413.82428066354544
1907233,174.6662301268566
1907234,100.57400808662754
1907235,288.1444288437665
1907241,139.06861231957785
1907242,419.3884940668263
1907243,180.23044353013745
1907244,106.1382214899084
1907245,293.70864224704735
1907251,146.37254812940773
1907252,426.6924298766562
1907253,187.53437933996733
1907254,113.44215729973828
1907255,301.0125780568772
1907261,146.48806050499775
1907262,426.8079422522462
1907263,187.64989171555737
1907264,113.5576696753283
1907265,301.1280904324673
1907271,188.17127919650557
1907272,468.49116094375404
1907273,229.3331104070652
1907274,155.24088836683612
1907275,342.8113091239751
1907281,187.51408863706297
1907282,467.83397038431144
1907283,228.6759198476226
1907284,154.58369780739352
1907285,342.1541185645325
1907291,133.35141706608437
1907292,413.67129881333284
1907293,174.51324827664396
1907294,100.42102623641492
1907295,287.99144699355384
1907301,114.80497748371302
1907302,395.1248592309615
1907303,155.96680869427263
1907304,81.87458665404344
1907305,269.44500741118236
